index,genre,caption,actual_tags,Precision@1,Recall@1,F1@1,Precision@3,Recall@3,F1@3,Precision@5,Recall@5,F1@5,Predicted@1,Similarity@1,Predicted@2,Similarity@2,Predicted@3,Similarity@3,Predicted@4,Similarity@4,Predicted@5,Similarity@5
0,metal,"The song is instrumental.The tempo is fast with a strong metal drumming rhythm, groovy bass line, cymbals crashing, guitar lead and guitar rhythm. The song is chaotic and energetic. The song has very poor audio quality.","live band, very poor audio quality, ambient noises, chaotic harmony, bad recording, percussive bass line, metal band, college music festival, heavy metal drumming, guitar strumming, guitar lead, cymbals crashing, chaotic harmony, dissonant harmonies, groovy music, amateur band, youthful, energetic, spirited, teen spirit, instrumental music, fast tempo",0.0,0.0,0.0,0.0,0.0,0.0,0.0,0.0,0.0,energetic drums,0.9537184834480286,steady drumming rhythm,0.95362389087677,slick drumming,0.9420191049575806,smooth bass,0.9414252042770386,steady bass line,0.939027726650238
1,classical,"The low quality recording features a live performance of a classical song that consists of sustained strings and flute melody. There are some chair crackling noises, as well as camera shuttering sounds. It sounds emotional and passionate, and the recording itself is noisy.","low quality, noisy, sustained strings melody, chair crackling sounds, flute melody, classical, live performance, emotional, passionate, camera shuttering sounds",0.0,0.0,0.0,0.0,0.0,0.0,0.0,0.0,0.0,acoustic piano,0.9571585059165955,brass section,0.9541044235229492,clarinet,0.9497339725494385,keyboard harmony,0.9449061155319214,trumpet,0.9411324858665466
2,jazz,"This is a dub/jazz music piece. There is an electric guitar playing the main melody while a fat bass guitar is supporting it in the background. The rhythm is being played by a laid-back acoustic drum beat. The atmosphere is chill and trippy. This piece could be playing in the background at a dance club for a slow dance night. It could also be used in the soundtrack of a romance movie that takes place in the city, especially during intimate scenes.","dub, jazz, reggae, electric guitar, bass guitar, acoustic drums, chill, groovy, trippy",1.0,0.1111111111111111,0.19999999999999998,0.3333333333333333,0.1111111111111111,0.16666666666666666,0.2,0.1111111111111111,0.14285714285714285,reggae,0.9630389213562012,tambourine beats,0.9472676515579224,funky bass,0.94321608543396,r&b,0.9290715456008911,reggae music,0.9172414541244507
3,reggae,This audio contains someone playing a melody on steeldrums along to a backing track containing an e-bass playing a melody along with an e-guitar. A kick is being played on every beat. This song may be played on the streets by a busker.,"amateur recording, reggae, backing track, e-bass, acoustic drums, steel drums, e-guitar, medium to uptempo",0.0,0.0,0.0,0.0,0.0,0.0,0.2,0.14285714285714285,0.16666666666666666,tambourine beats,0.9644677042961121,groovy rhythm,0.9334748983383179,drum machine,0.9297383427619934,funky bass,0.9266580939292908,reggae,0.9257399439811707
4,rock,This progressive rock song features male voices singing the chords of the song. This is followed by a male voice singing the main melody. The remaining male voices sing backing voices which are the arpeggiated chords of the song. A shaker is played at the beginning of the song. There are no other instruments. This song is at a moderate tempo. This is an amateur recording. The sounds of the crowd clapping and cheering are also heard in this clip.,"acapella, male voices, shaker, no other instruments, progressive rock song, amateur recording, crowd clapping, crowd cheering",0.0,0.0,0.0,0.0,0.0,0.0,0.0,0.0,0.0,slower tempo,0.9631283283233643,moderate tempo,0.9592469334602356,simple percussion,0.9546731114387512,no vocals,0.9511448740959167,uptempo,0.9507882595062256
5,classical,"The low quality recording features a classical orchestra music that consists of wide strings, pulsating woodwind melody, glissando harp melody and heartbeat low tom hits. It sounds spooky, vintage, haunting, suspenseful and intense, like something you would hear as background music in a movie.","orchestra, low quality, pulsating woodwind melody, classical, glissando harp melody, spooky, wide strings melody, heartbeat low tom hits, vintage, movie score, suspenseful, intense, haunting",0.0,0.0,0.0,0.0,0.0,0.0,0.0,0.0,0.0,medium tempo,0.9639345407485962,fast tempo,0.9571881890296936,instrumental,0.9524881839752197,simple percussion,0.9514316916465759,slow tempo,0.9500718116760254
6,metal,"The low quality recording features a passionate female vocal, alongside harmonizing vocals, singing over wooden percussion, playing as the background music, while there are birds chirping, cows mooing and metallic impacts sounds. The recording is mono and noisy.","low quality, mono, noisy, passionate female vocal, harmonizing vocals, wooden percussions, mooing cow sound, metallic impacts, birds chirping",0.0,0.0,0.0,0.0,0.0,0.0,0.0,0.0,0.0,simple percussion,0.9417840242385864,electronic drums,0.9387705326080322,no vocals,0.9259098768234253,no percussion,0.9205071926116943,slower tempo,0.9173528552055359
7,classical,This audio contains someone playing a classical melody on an acoustic guitar using fingerstyle. This audio is full of reverb. This song may be playing at a talent show.,"amateur recording, classical, fingerstile acoustic guitar, fast tempo",0.0,0.0,0.0,0.0,0.0,0.0,0.0,0.0,0.0,reggae song,0.9595017433166504,drum machine,0.9276237487792969,tambourine beats,0.9275184869766235,tambourine,0.9187263250350952,synthesiser arrangements,0.917743444442749
8,jazz,"This is an instrumental jazz improvisation piece with heavy bossa nova influences. There is an over-arching bossa nova syncopation not only being played by the acoustic drums in the backing track but also followed by the electric rhythm guitar and the bass guitar. The lead is a guitar solo being played by a gentle sounding electric guitar. Although there are complex chords and riffs, the general atmosphere is tranquil. This piece could be playing in the background of a restaurant. It could also be included in the soundtrack of a movie during serene scenery.","jam, jazz, bossa nova, no singer, instrumental, electric guitar, guitar solo, bass guitar, acoustic drums, soft, sensual, tranquil",0.0,0.0,0.0,0.0,0.0,0.0,0.2,0.1111111111111111,0.14285714285714285,funky bass,0.9421868324279785,guitar strumming,0.9393863677978516,jazzy,0.9367060661315918,groovy bass line,0.9200196266174316,jazz,0.9137194752693176
9,pop,This children's song features the voices of children singing the  main melody. This is accompanied by percussion playing a simple beat. A keyboard plays the sounds of a marimba to give this song a reggae feel. The bass plays the root notes followed by a run at every chord change. This song has a happy mood. This song can be played in a children's animation movie.,"children's song, children's voice, bass lick, keyboard music, simple percussion, pop song, reggae feel, moderate tempo",0.0,0.0,0.0,0.0,0.0,0.0,0.0,0.0,0.0,reggae,0.9575634598731995,reggae song,0.9567067623138428,tambourine beats,0.9507904648780823,drum machine,0.9408876895904541,reggae music,0.9289544820785522
10,hiphop,"This is a hip-hop dance music piece. There is a male vocalist who is singing in a flamboyant manner. There is an electric guitar playing the melody joined by a strong bass sound. There is a groovy, urban atmosphere. This piece can be used as an accompaniment piece in modern dancing courses.","hip-hop, dance music, shuffle, male vocal, flamboyant singing, electric guitar, bass, electronic drums, playful, groovy, hip, urban, energetic",0.0,0.0,0.0,0.0,0.0,0.0,0.0,0.0,0.0,moderate tempo,0.9640170335769653,funky bass,0.959909200668335,funk,0.9431999325752258,groovy rhythm,0.9344594478607178,uptempo,0.9342867136001587
11,classical,"The song is instrumental. The tempo is medium with sitars and other stringed instruments playing in unison, tabla percussions and a harmonium playing the lead. The song is a classic hindustaani instrumental.","instrumental music, harmonium solo, traditional indian instruments, indian classical music, tabla playing percussively, sitar accompaniment, y traditional indian instruments, groovy rhythm, exciting, instruments in unison, dance rhythm, ancient traditional music, passionate, live concert, live audience, medium tempo, hindustaani music",0.0,0.0,0.0,0.0,0.0,0.0,0.0,0.0,0.0,bongos,0.9591795206069946,fast tempo,0.9554137587547302,love song,0.9540612697601318,instrumental,0.9539973735809326,accordion,0.9520595073699951
12,blues,This song contains someone playing a blues melody on the acoustic piano along with an e-guitar and an e-bass. The acoustic drums are playing a constant rhythm while male deep voice is backed by higher sounding male voices singing harmonies along with him. Then a male voice starts talking that seems not to be part of the musical composition. This song may be playing in a cafe.,"gospel/blues, male voices singing, low to higher register, male voice talking, acoustic piano, e-bass, acoustic drums, e-guitar, uptempo",0.0,0.0,0.0,0.0,0.0,0.0,0.0,0.0,0.0,jazzy,0.9484306573867798,guitar strumming,0.9290162920951843,catchy,0.9241122007369995,funky bass,0.9236239194869995,jazz,0.9120447039604187
13,blues,This instrumental song features a guitar played clean in the beginning and then switching to an overdrive sound. There are no other instruments in this song. There are no voices in this song. The mood of this song is bluesy.,"guitar song, overdriven guitar, clean guitar, no other instruments, sound comparison audio, no voice, instrumental",0.0,0.0,0.0,0.0,0.0,0.0,0.0,0.0,0.0,funky bass,0.9398274421691895,guitar strumming,0.9371930956840515,groovy bassline,0.933707594871521,groovy bass line,0.933113157749176,steady bass line,0.9258012771606445
14,hiphop,This is a comedic hip-hop music piece. There is a male vocal rapping in the lead. The melody in the beat is being played by the piano and the electric guitar while a bass guitar plays in the background. The rhythm is provided by an electronic drum beat. The piece has an amusing aura to it. It could be used in the background of funny social media content.,"comedy, hip-hop, male vocal, rapping, piano, electric guitar, bass guitar, electronic drums, funny, amusing, hip",0.0,0.0,0.0,0.0,0.0,0.0,0.0,0.0,0.0,reggae,0.9502363204956055,tambourine beats,0.9410391449928284,funky bass,0.9394471645355225,r&b,0.9188821315765381,groovy rhythm,0.903486430644989
15,metal,This is an instrumental harp cover of a heavy metal music piece. The atmosphere of the recording is lively. This piece could be used in the soundtrack of an arcade video game. It could also be sampled for use in beat-making.,"no singer, instrumental, single instrument, harp, heavy metal, lively, vibrant",0.0,0.0,0.0,0.0,0.0,0.0,0.0,0.0,0.0,simple percussion,0.9641808867454529,synth sounds,0.9624682068824768,uptempo,0.9601321816444397,slower tempo,0.9557350277900696,disco pop,0.9541898369789124
16,rock,A drone sound is playing in the lower to mid range as an intro before the song starts with a high pitched bell sound with a very long release time and acoustic drums that sounds like playing behind a closed door. This song may be playing in a club.,"rock, acoustic drums, synth bell sound, special effects, uptempo",0.0,0.0,0.0,0.0,0.0,0.0,0.2,0.3333333333333333,0.25,guitar strumming,0.9326797127723694,funky bass,0.9323692321777344,groovy bassline,0.9270938038825989,acoustic drums,0.9242565631866455,acoustic rhythm guitar,0.9116169214248657
17,jazz,"This is an instrumental jazz music piece. The main theme is being played on a theremin while there is a keyboard and an upright bass in the melodic background. For the rhythm, there is an acoustic swing jazz drum beat. There is an avant-garde feel to this piece. It could be used in the soundtrack of a sci-fi movie or a TV show. It could also be played in the soundtracks of video games with an outer space setting.","jazz music, instrumental, theremin, keyboard, upright bass, acoustic jazz drums, swing, avant-garde, unique, outer space, movie music",0.0,0.0,0.0,0.0,0.0,0.0,0.0,0.0,0.0,funky bass,0.9474220275878906,jazzy,0.9441908001899719,groovy rhythm,0.9400098919868469,drum machine,0.9360247254371643,tambourine beats,0.934554934501648
18,blues,The song is an instrumental. The tempo is medium with an electric guitar playing a blues solo with an effects pedal and amplifier. The solo is heartfelt and has a lot of soul and spirit to it. The audio quality is bad.,"guitar lead, bad audio quality, distortion pedal, amplifier tone, tone fades, heartfelt, blues solo, guitar tone demo, online guitar lessons, groovy music, instrumental song, home music video, demo video, banshee tone, medium tempo, no other instrumentation, no percussions, blues solo, soloist, guitar virtuoso",0.0,0.0,0.0,0.0,0.0,0.0,0.0,0.0,0.0,funky bass,0.9393988251686096,guitar strumming,0.9289710521697998,groovy bassline,0.9245662689208984,groovy bass line,0.9235695600509644,acoustic rhythm guitar,0.909262478351593
19,classical,"A classical, slightly jazzy piano is playing a lovely composition with a lot of reverb. During the song you can hear footsteps. Someone is running through water. Then at the end someone is burping really loud. This whole composition with the burping could be part of a funny embarrassing scene in a movie.","classical/jazzy/piano-composition, big burp, footsteps sample, slow to medium tempo, sincere to disgusting atmosphere",0.0,0.0,0.0,0.0,0.0,0.0,0.0,0.0,0.0,jazzy,0.9492729306221008,shimmering cymbals,0.9362070560455322,jazz,0.935822606086731,reggae song,0.9315176606178284,drum machine,0.9234083890914917
20,jazz,"The Video Game Sound recording features a lot of in-game sound effects of the main character and his surroundings, followed by background, jazzy music in the background. The music contains funky piano chord progression, groovy bass and uptempo drums. There are some man grunts sound effects, funny spring sound effects, some beeping sound effects and at the very end of the loop a gun reload sound effect.","video game sound, groovy bass, in game sound effects, man grunting sound effects, funky piano, groovy bass, jazzy, saxophone, uptempo drums, background music, weird beeping sound effect, funny spring sound effect, gun reload sound effect",0.0,0.0,0.0,0.0,0.0,0.0,0.0,0.0,0.0,steady bass line,0.9449777603149414,e-guitars,0.9445931315422058,energetic drums,0.9400007128715515,e-guitar,0.9373879432678223,soft rock,0.9333679676055908
21,reggae,"The low quality recording features a reggae song sung by low flat male vocals, followed by repetitive synth lead melody, groovy bass, vocal chants, claps, punchy kick hits, shimmering hi hats and open hats. It sounds energetic, suspenseful and it is in mono. At one point the vocal cracks and it sounds out of tune for a split second.","low quality, reggae, low flat male vocal, repetitive synth lead melody, groovy bass, punchy kick, clapping, shimmering hi hats, shimmering open hat, vocal chants, energetic, suspenseful, mono, voice crack",1.0,0.1111111111111111,0.19999999999999998,0.3333333333333333,0.1111111111111111,0.16666666666666666,0.2,0.1111111111111111,0.14285714285714285,reggae,0.9654523134231567,funky bass,0.9332298040390015,tambourine beats,0.9301081895828247,moderate tempo,0.9281313419342041,reggae music,0.9243014454841614
22,pop,"The low quality recording features a pop folk song that consists of passionate female vocal singing over repetitive flute licks, stuttering hi hats, groovy piano chords, claps and a riser sweep. It sounds energetic and kind of addictive, thanks to those interesting melodies and a fairly repetitive female vocal.","low quality, passionate female vocal, clapping, repetitive flute licks, riser, stuttering hi hat, pop folk, energetic, addictive, groovy piano chords",0.0,0.0,0.0,0.0,0.0,0.0,0.0,0.0,0.0,guitar strumming,0.9614125490188599,groovy bassline,0.952889084815979,catchy,0.9465562105178833,groovy bass line,0.943065345287323,groovy rhythm,0.9370055198669434
23,country,"This music is instrumental. The tempo is slow with an acoustic guitar harmony, loud electric guitar feedback and fiddle. The music is intense, rugged, vivid, melancholic, pensive, raw, powerful, emphatic and strong. This music is classic Blues Country Music.","instrumental, slow tempo, melancholy, vivid, empahtic melody, rugged, powerful, country blues, blues, country music, country song, regional music, empahtic electric guitar feedback, acoustic guitar harmony, country music, intense, rugged, fiddle",1.0,0.1,0.18181818181818182,0.6666666666666666,0.2,0.30769230769230765,0.4,0.2,0.26666666666666666,country blues,0.9334864616394043,blues,0.9084951877593994,acoustic rhythm guitar,0.900635838508606,groovy bass line,0.8941490650177002,groovy bass guitar,0.8917216658592224
24,pop,The low quality recording features a pop song that consists of harmonizing vocals singing over punchy snare and kick hits and shimmering cymbals. It sounds energetic and exciting.,"low quality, pop, harmonizing vocals, punchy snare, shimmering cymbals, punchy kick, energetic, exciting",0.0,0.0,0.0,0.0,0.0,0.0,0.0,0.0,0.0,synth pop,0.9588638544082642,r&b,0.9574605226516724,tambourine beats,0.9555840492248535,disco pop,0.9517123699188232,moderate tempo,0.9484439492225647
25,blues,"A female singer sings this soulful song. The song is slow tempo with piano accompaniment, strong bass line and groovy jazz drumming. The song is soulful and emotional. The song is a blues jazz song.","female singer, soul music, jazz music, blues music, jazz and blues, slow tempo, black gospel music influences, special someone, dream of you, missing you, percussive bass line, jazz drumming rhythm, piano accompaniment, emotional, love song, story telling, love you so badly, together forever",0.0,0.0,0.0,0.0,0.0,0.0,0.0,0.0,0.0,funky bass,0.946803867816925,jazzy,0.945276141166687,guitar strumming,0.9412223100662231,groovy bass line,0.9251232743263245,groovy rhythm,0.9197695255279541
26,rock,This is an amateur recording of a guitar solo for a rock music piece. The solo is being played on an overdriven electric guitar while the piano and the bass guitar in the backing track play the main tune. There is a 6/8 rock beat played on the acoustic drums for the rhythm section. There is a raw feel to it. The piece can be used to gather electric guitar samples to be used in beat-making.,"amateur recording, rock music, instrumental, electric guitar, guitar solo, bass guitar, piano, acoustic drums, groovy, hard, raw",0.0,0.0,0.0,0.3333333333333333,0.1111111111111111,0.16666666666666666,0.2,0.1111111111111111,0.14285714285714285,funky bass,0.9531806707382202,acoustic drums,0.9491668343544006,no vocals,0.9484354257583618,moderate tempo,0.9460567831993103,amplified guitar,0.9450145959854126
27,rock,The low quality recording features an echoing electric guitar playing rock solo melody. The recording is noisy and in mono. It sounds passionate.,"low quality, echoing electric guitar solo melody, noisy, mono, passionate, rock",0.0,0.0,0.0,0.0,0.0,0.0,0.0,0.0,0.0,percussive bass line,0.9743623733520508,distorted electric guitar,0.9501723051071167,medium tempo,0.9476462602615356,simple percussion,0.946805477142334,slower tempo,0.9457314014434814
28,metal,"The Metal song features a repetitive, aggressive male vocal screaming over wide, aggressive electric guitar chords, distorted bass guitar, punchy snare and kick hits and energetic cymbals. There is a toms roll at the end of the loop. It sounds aggressive, energetic and manic - like something you would jump into a mosh pit at the concert.","metal, wide aggressive electric guitar chords, repetitive aggressive male vocals, screaming, distorted bass guitar, punchy snare, wide toms roll, energetic cymbals, aggressive, energetic, manic, punchy kick",0.0,0.0,0.0,0.0,0.0,0.0,0.0,0.0,0.0,heavy metal,0.9353046417236328,hard rock,0.9260969161987305,goth rock,0.9223185181617737,energetic drums,0.901392936706543,steady drumming rhythm,0.8906522989273071
29,hiphop,"A male singer sings this rap vocals with backup singers in harmony. The song is medium tempo with typing and beeping tones, followed by steady drumming rhythm, groovy bass and keyboard harmony. The song is energetic and exciting. The song has a home video intro followed by a rap song.","typing sounds, male rapper, backup singers, singer self introduction, groovy, damage rap music, beeping tones, booming bass line, amateur video quality, home rap video, vocal commentary, medium tempo, ambient noise, street noises, energetic, passionate, story telling, amateur video quality, gym talk, poor quality audio",0.0,0.0,0.0,0.0,0.0,0.0,0.0,0.0,0.0,tambourine beats,0.9420135021209717,r&b,0.9417102336883545,synth pop,0.9356282949447632,funky bass,0.9109945297241211,reggae,0.910545825958252
30,country,"This is a country music piece. There is a female vocalist singing melodically at the forefront. The melodic background consists of the electric guitar, the bass guitar and the piano. The rhythmic background is provided by a simple acoustic drum beat. The atmosphere is upbeat and easygoing. This piece could be playing in the background at a rock bar. It could also work well as an advertisement jingle.","country music, rock, female vocal, melodic singing, electric guitar, piano, bass guitar, acoustic drums, simple tune, upbeat, easygoing",0.0,0.0,0.0,0.0,0.0,0.0,0.0,0.0,0.0,guitar strumming,0.9293200969696045,groovy bass line,0.9059238433837891,acoustic rhythm guitar,0.9019801616668701,catchy,0.8983875513076782,jazzy,0.8969528675079346
31,metal,"This music is an electric guitar lead instrumental. The tempo is slow with no accompaniment and ambient sounds like a popping and swishing sound. The music is a rhythmic, controlled, pleasant, melancholic, sentimental and emotional Electric guitar solo.","instrumental, slow tempo, electric guitar lead, rock, hard rock, metal, heavy metal, soft rock, electric guitar, external amplification, ambient sounds, popping sound, rustling sound, electric guitar lead, vibrations, resounding",0.0,0.0,0.0,0.0,0.0,0.0,0.0,0.0,0.0,smooth bass,0.9580413103103638,steady bass line,0.9476367831230164,distorted electric guitar,0.9408170580863953,steady drumming rhythm,0.9287170171737671,moderate tempo,0.9284124374389648
32,jazz,This is a series of clips - a compilation. The compilation is separated by the telephone beep tone. One of the clips is orchestral strings playing a motif that would be used when something shocking or suspenseful happens. The other clip contains a jazzy saxophone motif. There is also a sultry woman speaking sassily with some upbeat percussion under her vocal.,"telephone beep tone, saxophone, shocking strings playing, repeated telephone beep tone, talking woman, disjointed, upbeat pop clip",0.0,0.0,0.0,0.0,0.0,0.0,0.0,0.0,0.0,drum machine,0.95295250415802,reggae song,0.9348240494728088,tambourine beats,0.9202930331230164,synthesiser arrangements,0.9140816926956177,jam,0.9121737480163574
33,hiphop,This is a pop music piece. There is a male vocalist singing at a medium-to-high pitch in the lead. There is a melodic pad and an electric guitar sound providing the melody. A strong bass sound can be heard playing. The rhythm consists of a simple electronic drum beat. The atmosphere is energetic and danceable. This piece can be played at nightclubs and dance clubs. It could also be used during club scenes in movies.,"pop, hip-hop, electronic, male vocal, medium-to-high pitch singing, electric guitar sample, melodic pad, strong bass, electronic drums, energetic, danceable, urban",0.0,0.0,0.0,0.0,0.0,0.0,0.0,0.0,0.0,funky bass,0.9370755553245544,disco pop,0.930935263633728,synth pop,0.9268883466720581,tambourine beats,0.9265779256820679,acoustic drums,0.9183204174041748
34,pop,"This music is instrumental. The tempo is medium fast with a melodic keyboard harmony, punchy drumming, funky bass lines, and rhythmic acoustic guitar, whistle harmony and clapping and fingers snapping.The melody is simple, sunny, warm, energetic and youthful with a retro vibe. This music is classic Pop.","instrumental, pop music, medium fast tempo, acoustic guitar, classic pop, peppy, retro music, keyboard harmony, rhythmic drumming, funky bass lines, whistle harmony, clapping, fingers snapping, simple harmony, melodic, catchy, fresh, happy, sunny",0.0,0.0,0.0,0.0,0.0,0.0,0.0,0.0,0.0,funky bass,0.9460515975952148,reggae,0.9413663148880005,disco pop,0.9238581657409668,funk,0.9195224642753601,tambourine beats,0.9160722494125366
35,country,"This features two clips from country songs. The first song is upbeat, and suitable for rhythmic and groovy dancing. The second song is slower and features a group of male vocalists harmonising. The overall feeling is a country midwestern feel.","country music, old schol, vintage country music, country folk music, two songs, group male harmony vocals, upbeat, upright bass guitar",0.0,0.0,0.0,0.0,0.0,0.0,0.0,0.0,0.0,tambourine beats,0.9088936448097229,reggae,0.8954595327377319,guitar strumming,0.8909752368927002,jazzy,0.8831642866134644,funky bass,0.8809036612510681
36,reggae,"A female singer sings this passionate melody. The song is medium tempo with steady drumming rhythm, groovy bass line, Caribbean percussion, guitar accompaniment and a brass band playing percussively. The song is emotional and spirited. The song is a classic renege hit.","female singer, spirited singing, reggae hits, tropical dance hit, caribbean music style, trumpets blaring, caribbean percussions rhythm, medium tempo, guitar accompaniment, groovy bass line, steady drumming rhythm, brass band harmony, emotional, passionate, reggae groove, classic reverse hits, spirited, dance groove, beachside party, people dancing, inspiring, life is good, enjoy life, life is a dance",0.0,0.0,0.0,0.0,0.0,0.0,0.0,0.0,0.0,tambourine beats,0.9489078521728516,funky bass,0.9484416246414185,reggae,0.9388090968132019,jazzy,0.938255250453949,drum machine,0.9356569647789001
37,jazz,A male singer sings this vocals with a vocoder. The song is medium tempo with a groovy techno drumming rhythm and keyboard accompaniment. The song is passionate but an amateurish production. The audio quality is very poor.,"vocoder, male singers love performance, poor audio quality, jam session, amateur jazz musician, medium tempo, amateur musician, jazz musician, keyboard accompaniment, groovy music, techno drumming rhythm, poor audio quality, people talking, unimpressive, excited, energetic, passionate, ambient room noises",0.0,0.0,0.0,0.0,0.0,0.0,0.0,0.0,0.0,synth pop,0.9515590667724609,tambourine beats,0.9423511624336243,disco pop,0.9419171214103699,r&b,0.9359982013702393,synth sounds,0.9340797662734985
38,hiphop,"The low quality recording features wide scratching effects of an uptempo hip hop song that contains repetitive male vocal, wooden percussive elements, siren sound effect and energetic drums. It sounds energetic, muffled and a bit harsh due to loud scratchings.","low quality, wide scratching effect, uptempo, hip hop, repetitive male vocal, wooden percussive elements, energetic drums, loud, harsh, muffled, siren sound effect",0.0,0.0,0.0,0.3333333333333333,0.16666666666666666,0.2222222222222222,0.2,0.16666666666666666,0.1818181818181818,hip-hop,0.9567593336105347,electronic drums,0.9534407258033752,hip hop,0.949116587638855,rap,0.9490303993225098,slick drumming,0.9461800456047058
39,country,This song features a pedal steel guitar playing the main melody. This starts off with a slide to a high register followed by plucking low register strings. This is accompanied by percussion playing a simple beat in common time. An acoustic guitar strums chords in the background. The bass guitar plays the root notes of the chords. This song is at a slow tempo. There are no voices in this song. This is an instrumental song with a Country feel. This song can be played in a coffee shop.,"guitar song, pedal steel guitar, simple percussion, acoustic guitar, slow tempo, country song, instrumental, no voices, relaxing music",0.0,0.0,0.0,0.0,0.0,0.0,0.0,0.0,0.0,funky bass,0.9414294958114624,guitar strumming,0.9337259531021118,jazzy,0.9290945529937744,groovy rhythm,0.9199793338775635,acoustic rhythm guitar,0.9127609133720398
40,metal,The song is an instrumental. The song is fast tempo with distorted guitars playing in rhythm. The song is energetic and an amateurish performance. The song is of very poor quality with audio noise and hissing sound.,"poor audio quality, noise, distortion, hissing tones, noisy ambience, instrumental music, distorted guitar rhythm, fast, amateur quality recording, deteriorated audio quality, metal band, amateur band",0.0,0.0,0.0,0.0,0.0,0.0,0.0,0.0,0.0,steady bass line,0.9515171647071838,steady drumming rhythm,0.9343109130859375,smooth bass,0.9272502660751343,energetic drums,0.9261031746864319,groovy bassline,0.9205855131149292
41,jazz,"A male vocalist sings this Jazz melody. The tempo is medium with a jazz style piano and drumming, groovy bass line, tambourine beats and vocal backup. The harmony is syncopated and complex. It is ambient, atmospheric, punchy, emphatic and enjoyable.","male vocalist, medium tempo, jazz, jazz piano, jazz drumming, groovy bass line, vocal backup, syncopated harmony, complex chords, improvisation, deliberate dissonance, tambourine beats, blue notes, polyrhythms, ambient, atmospheric, emphatic",0.0,0.0,0.0,0.0,0.0,0.0,0.0,0.0,0.0,funky bass,0.9505059719085693,jazzy,0.9366955161094666,moderate tempo,0.9320597648620605,guitar strumming,0.9304907321929932,groovy rhythm,0.9229645729064941
42,hiphop,"A male vocalist sings this spirited rap. The tempo is medium with keyboard accompaniment, digital drums,electric guitar riff and synthesiser arrangements with vocal backup. The song is passionate, compelling, strong telling, chanting, persuasive and youthful. This song is Contemporary Rap-Hip-Hop.","male vocalist, medium tempo, rap, rap hits, digital drum, youthful, street rapper, disco rap, hip-hop, hip-hop hits, rhythmic patter, electronic music, drum machine, synthesiser arrangements, vocal backup, passionate, engaging, compelling, persuasive, street vernacular, slangy lyrics, chanting, recurring beat, amplified guitar",1.0,0.06666666666666667,0.125,0.6666666666666666,0.13333333333333333,0.2222222222222222,0.4,0.13333333333333333,0.2,rap,0.9174663424491882,hip-hop,0.9086334705352783,reggae,0.8949648141860962,hip hop,0.8931936621665955,funky bass,0.8896801471710205
43,pop,"A female vocalist sings this lively Children’s Song. The tempo is fast with a cheerful acoustic guitar and ukulele accompaniment along with clapping. The song is lively, upbeat, engaging, energetic, simple and enthusiastic. The song is a children’s nursery rhyme with the catchy , simple tune and lyrics meant to make learning fun. It is engaging, interactive, instructional, educational teaching coordination.","female vocalist, fast tempo, cheerful acoustic guitar, simple lyrics, simple tune, interactive, learning is fun, energetic coordination, clapping, lively mandolin, minimal instrumentation, children’s songs, nursery rhymes, popular kids songs, education songs, kindergarten songs, happy, chirpy, engaging, interactive, active learning",0.0,0.0,0.0,0.0,0.0,0.0,0.0,0.0,0.0,cymbals crashing,0.938306450843811,reggae song,0.9354739785194397,synthesiser arrangements,0.9338424801826477,tambourine,0.9323420524597168,pop song,0.9292454719543457
44,hiphop,"This is an excerpt from a music show. There is a female voice narrating an event that took place. In the background, there is hip-hop music playing. A male vocal can be heard rapping. The melody is being played by a synth sound. There is a strong bass in the piece. The rhythm is played by the electronic drums. This piece could be used as an advertisement jingle for a sportswear or automobile company.","music show, female voice, narrating, hip-hop music, male vocal, rapping, synth, strong bass, electronic drums, urban sound",0.0,0.0,0.0,0.0,0.0,0.0,0.0,0.0,0.0,drum machine,0.9547577500343323,tambourine beats,0.9544899463653564,r&b,0.9443895816802979,synth pop,0.9409438371658325,disco pop,0.9191031455993652
45,classical,This song is played on a harpsichord. The harpsichord plays the bass and treble notes. This is a classical composition. There are no other instruments in this song. There are no voices in this song. This song can be used when a member of royalty arrives at a palace.,"harpsichord song, classical composition, no other instruments, no voices, moderate tempo, sound for royalty, happy melody",0.0,0.0,0.0,0.0,0.0,0.0,0.0,0.0,0.0,strings,0.959160566329956,sustained strings melody,0.9551317691802979,string section,0.9519861936569214,flute,0.9490628242492676,keyboard,0.9405568838119507
46,pop,This song has some experimental sounds. The string instrument sounds processed and slightly oriental. The synth plucks sound as running through different effects that are changing the bit rate and some filters. These elements are panned to the right and left and right side of the speakers playing different melodies. An acoustic drum is holding the whole construct together while an e-bass is playing his own run along with the drums. An e-guitar is playing long single chords. This song may be playing in an adventurous indie-videogame.,"pop, oriental sounding string instrument, synthesizer bit sound, e-guitar, acoustic drums, experimental, medium tempo, happy, light sounding",0.0,0.0,0.0,0.0,0.0,0.0,0.2,0.2,0.20000000000000004,tambourine beats,0.9294086694717407,funky bass,0.9269852638244629,groovy rhythm,0.912773609161377,synth pop,0.910956621170044,acoustic drums,0.9076248407363892
47,hiphop,This song is a classical flamenco mixed with a HipHop groove drums playing a digital set along with a cowbell sound. A piano is playing a salsa melody in the low to high range. A trumpet sample is playing a short melody every fourth beat. A male voice is singing in a higher pitch along with backing vocals spread across both sides of the speakers. Then another male voice takes over rapping over the instrumental. This song may be playing with a speaker sitting on the bike cruising.,"salsa/hiphop, digital drums, cowbell, trumped sample, piano, male voices singing/rapping, uptempo, positive vibes",0.0,0.0,0.0,0.0,0.0,0.0,0.0,0.0,0.0,reggae,0.9492364525794983,funky bass,0.9357751607894897,tambourine beats,0.9309169054031372,moderate tempo,0.9111052751541138,reggae music,0.9099500179290771
48,country,This song comes with a male voice singing in a higher key and strings playing the same melody in the background in the midrange. A timpani hit is playing along with the drums. This song may be playing in a latin country where someone is cleaning the house with open doors and windows listening to this song in a very loud volume.,"rock/ballad, e-bass, acoustic drums, timpani, strings, acoustic guitar, male voice singing, higher key, medium tempo",0.0,0.0,0.0,0.0,0.0,0.0,0.0,0.0,0.0,jazzy,0.945008397102356,funky bass,0.9369325041770935,reggae,0.9342492818832397,tambourine beats,0.9306739568710327,guitar strumming,0.9193586707115173
49,pop,"A female singer sings this passionate melody. The song is a medium  tempo with a groovy bass line , steady drumming, keyboard accompaniment, Indian percussion and tambourine accompaniment. The song is playful and romantic. The song is a modern Bollywood pop song with average quality audio.","telephone ringing, hindi pop music, medium tempo, indian percussions, tambourine percussions, female singers, romantic, love song, hindi pop song, guitar rhythm, strong bass line, energetic, passionate, bollywood dance music, average audio quality, keyboard accompaniment",0.0,0.0,0.0,0.0,0.0,0.0,0.0,0.0,0.0,disco pop,0.9545460939407349,synth sounds,0.9518090486526489,synth pop,0.9513144493103027,pop,0.949521541595459,boomy,0.9431238174438477
50,pop,"This song is a Retro electronic instrumental. The tempo is fast with electronically arranged music, slick drumming, bright amplified keyboard harmony, tambourine beats,synthesiser arrangements and male and female vocalisation. The song is youthful, groovy,vibrant, upbeat, passionate, catchy and punchy. This song is a Retro EDM.","instrumental, electro pop, fast tempo, pop hits, retro pop, edm, dance music, club music, workout music, vocalisation, perky, energetic, catchy, upbeat, synthesiser arrangement, tambourine beats, infectious drumming, auto tuned voices, keyboard harmony",0.0,0.0,0.0,0.0,0.0,0.0,0.0,0.0,0.0,synth pop,0.9475899934768677,r&b,0.9413662552833557,disco pop,0.9387174248695374,reggae,0.9277967214584351,funk,0.9241719245910645
51,rock,"This song contains an acoustic drum playing a simple rock groove with an e-bass playing a bassline along with the e-guitar strumming chords on the same notes as the bass. A deep male voice is singing, almost streaming sounding wild and loud. Then a synth pad comes in playing a melody panned to the left side of the speaker. This song may be playing at a rock festival.","rock, e-guitar, e-bass, acoustic drums, synth pad, male deeper voice singing, wild energy",0.0,0.0,0.0,0.0,0.0,0.0,0.2,0.2,0.20000000000000004,tambourine beats,0.9564270973205566,funky bass,0.9428224563598633,groovy rhythm,0.9324816465377808,acoustic drums,0.9310303330421448,reggae,0.9264910221099854
52,rock,"A e-guitar with a chorus effect is playing a simple, repeating chord progression while another guitar  is playing a bassline over it that sounds more like a countermelody. On top of that, slightly panned to the right side of the speakers, a xylophone is playing single notes with a lot of reverb. This song sounds repetitive and relaxing and soft. This song may be playing with earphones waiting for the bus.","rock/pop, xylophone, e-guitars, soft, medium tempo",0.0,0.0,0.0,0.0,0.0,0.0,0.0,0.0,0.0,guitar strumming,0.9445123672485352,catchy,0.9227966666221619,jazzy,0.9190181493759155,groovy bass line,0.9140721559524536,groovy bassline,0.9116721153259277
53,country,"This music clip is of a musician playing a lilting melody on the Banjo. The tempo is medium with a rhythmic lead harmony. There is no other instrument used. The music is soft, mellow, nostalgic, and calming. Soothing and simple.","instrumental, medium tempo, string instrument, plucked string instrument, banjo, african instrument, american instrument, 9 stringed instrument, sweet melody, folk, country, blue grass",0.0,0.0,0.0,0.0,0.0,0.0,0.0,0.0,0.0,guitar rhythm,0.9535092115402222,slide guitar,0.9476511478424072,groovy bass lines,0.9456151127815247,electric guitar,0.9402137994766235,amplified guitar,0.939836859703064
54,pop,This is an acoustic performance of a k-pop piece. The lead is a male vocal that is singing gently and melodically in the Korean language. He is also playing an acoustic guitar as the melodic background of the piece. The song is in the major scale which gives it this positive and uplifting aura. This piece could be used in the soundtrack of a coming-of-age/teenage drama TV series that takes place in Korea. It could also be playing in the background of a coffee house.,"k-pop, korean, acoustic, male vocal, melodic singing, acoustic guitar, mellow tune, easygoing, positive, uplifting",0.0,0.0,0.0,0.0,0.0,0.0,0.0,0.0,0.0,synth pad,0.8848702311515808,pop song,0.884606122970581,drum machine,0.8832765817642212,pop,0.8810110092163086,reggae song,0.8808431625366211
55,rock,This is the live performance of a hard rock piece. There is a male vocal who is shouting at the crowd while revving up a chainsaw. The electric guitar is playing the melody while the bass guitar is playing in the background. The acoustic drums are playing a simple blues rock beat. The atmosphere is aggressive.,"hard rock, live performance, male vocal, shouting, electric guitar, bass guitar, acoustic drums, chainsaw, hard-hitting, aggressive",0.0,0.0,0.0,0.0,0.0,0.0,0.0,0.0,0.0,smooth bass,0.9055837392807007,energetic drums,0.8826914429664612,steady bass line,0.8776651620864868,distorted bass guitar,0.8707793354988098,slick drumming,0.8692758083343506
56,jazz,"A male vocalist sings this mellow song.he tempo is medium with jazz style piano accompaniment, synthesiser articulation, slick drumming, funky bass line, cajun beat and an interactive vocal harmony. The music is mellow, soothing, ambient, soulful, passionate, emotional and persuasive. This song is a contemporary R&B/Soul.","male singer, medium tempo, soft, romantic, passionate, persuasive, sentimental, melodious vocal backup, r&b, soul, jazz style piano, synthesiser arrangements, pop, contemporary pop, ambient, love song, passionate, complex chords, slick drumming, groovy bass, cajun beat, digital drum, drum machine",0.0,0.0,0.0,0.0,0.0,0.0,0.0,0.0,0.0,funky bass,0.9447503089904785,reggae,0.9360111355781555,moderate tempo,0.899289608001709,funk,0.8969444036483765,tambourine beats,0.8955627679824829
57,rock,"An acoustic drum with a lot of reverb is playing a minimalistic slow groove along with an e-bass playing long single notes. A synth hit comes in for a moment and then an e-guitar is talking over it with a melody. The male voice sings with a lot of reverb, reverb and a chorus/flanger on his voice. The whole recording is full of reverb and the voice of the singer is using a ping pong delay. This song may be playing on a lazy day at home.","christian rock, guitars, acoustic drums, e-bass, male voice singing, higher register, synthesizer, slow tempo",0.0,0.0,0.0,0.0,0.0,0.0,0.0,0.0,0.0,funky bass,0.9182902574539185,reggae,0.9109979867935181,tambourine beats,0.9048928022384644,guitar strumming,0.9000554084777832,jazzy,0.8917379975318909
58,country,"A girl band sings this lively song. The tempo is medium with vibrant music. The audio quality is inferior so the music and vocals are incoherent. This is a live performance with ambient sounds of fans cheering, clapping and singing along. This song is a hit Country Rock.","female vocalists, medium tempo, live performance, country rock, folk, world music, acoustic, country song, youthful, enthusiastic, energetic, entertaining, folk, concert, incoherent sound, amateur recording, live audience, girl band, dixie chicks  concert, ambient sounds, fans cheering, clapping, hysteria",0.0,0.0,0.0,0.0,0.0,0.0,0.0,0.0,0.0,jazzy,0.9426600933074951,funky bass,0.931294322013855,catchy,0.9258663654327393,tambourine beats,0.92197585105896,groovy rhythm,0.9198962450027466
59,country,The song is a slow country song - a country ballad played on a steel guitar. This is the type of song that would be suitable for an old country western movie where a hero character walks into a diner. This is a live recording and the song has a slow tempo.,"steel guitar, country music, live recording, slow country music, country ballad, arpeggio, intricate steel guitar playing, country western, vintage country",0.0,0.0,0.0,0.0,0.0,0.0,0.0,0.0,0.0,groovy bass line,0.9589604735374451,groovy bass lines,0.956434965133667,acoustic rhythm guitar,0.9552486538887024,guitar strumming,0.9435135126113892,country blues,0.9392368793487549
60,jazz,"A male singer sings this groovy bop tune. The song is medium tempo with a groovy double bass playing, piano accompaniment, trumpet playing percussively and brush drumming rhythm. The song is entertaining and exciting. The song is a jazz dance tune with an electronica twist.","groovy music, love performance, dj, dance music, brush drumming rhythm, groovy bass line, steady drum rhythm, piano accompaniment, trumpet playing percussively, male singer, female backup singer, vocal harmony, bop tune, double bass harmony, jazz music, jazz dance music, poor audio quality, people dancing, dance rhythm",0.0,0.0,0.0,0.0,0.0,0.0,0.0,0.0,0.0,jazzy,0.9573479890823364,funky bass,0.9562333822250366,tambourine beats,0.947492241859436,reggae,0.9457954168319702,groovy rhythm,0.9377157688140869
61,rock,"The low quality recording features a cover of a rock song and it consists of an electric guitar feedback playing over a live performance instrumental that has crowd cheering, crowd clapping noises, smooth bass guitar, repetitive synth bells melody, punchy snare and kick hits and shimmering tambourine. It sounds emotional and easygoing.","low quality, live performance, electric guitar feedback, crowd noises, crowd clapping, crowd cheering, smooth bass guitar, repetitive synth bells melody, punchy snare, punchy kick, shimmering tambourine, cover, rock, emotional, easygoing",0.0,0.0,0.0,0.0,0.0,0.0,0.0,0.0,0.0,funky bass,0.9627284407615662,acoustic drums,0.9602593779563904,groovy rhythm,0.9515388011932373,groovy bassline,0.9491204023361206,guitar strumming,0.9479321241378784
62,classical,This composition contains a cello playing in the lower register providing a bass melody while other violas and violins are playing a melody and a countermelody in the mid to high range. This song sounds suited for a wedding proposal.,"classical, cello, violins, viola, ceremonial, slower to medium tempo",0.0,0.0,0.0,0.0,0.0,0.0,0.0,0.0,0.0,string section,0.95450758934021,sustained strings melody,0.9497594237327576,piano,0.9468989372253418,piano accompaniment,0.9427092671394348,keyboard harmony,0.9412142038345337
63,metal,"This is an instrumental heavy metal piece. The distorted electric guitar is playing an aggressive riff while accompanied by a bass guitar. In the rhythmic background, there is a slow but hard-hitting heavy metal beat played on the acoustic drums. The atmosphere is loud and violent. This piece can be used in the soundtrack of a movie/TV show involving crime. It could also be played at a rock bar or a sports venue.","heavy metal, no singer, instrumental, distorted electric guitar, bass guitar, acoustic drums, loud, violent, hard-hitting, aggressive",0.0,0.0,0.0,0.0,0.0,0.0,0.0,0.0,0.0,goth rock,0.9293732643127441,energetic drums,0.9235035181045532,hard rock,0.9219986200332642,smooth bass,0.9179289937019348,steady drumming rhythm,0.9115337133407593
64,classical,"The song is an instrumental. The tempo is slow with a choir harmonising and creating ethereal chants, string section and a philharmonic orchestra harmony backing. The song is ethereal and magical. The song has poor audio quality.","instrumental music, movie soundtrack, ethereal music, philharmonic orchestra, slow rap chants, choral harmony, magical energy, magical journey, violins, string section harmony, rhythm section, ethereal tones, pulsating energy, bad audio quality, concert hall, opera hall, conductor, composer, western classical music, sonic effects, keyboard accompaniment",0.0,0.0,0.0,0.0,0.0,0.0,0.0,0.0,0.0,synth pad,0.9549472332000732,synth sounds,0.9505486488342285,drum machine,0.9411249160766602,pop song,0.928106427192688,shimmering cymbals,0.9253922700881958
65,hiphop,This song contains a thick acoustic drum sample playing a slow hiphop groove with a simple bassline. A female voice sample is singing while a male voice is rapping. his voice sounds doubled. This song may be playing in an urban shop.,"hiphop, oldschool, female voice sample singing, bass, acoustic drums sample, male voice rapping, slow tempo",0.0,0.0,0.0,0.0,0.0,0.0,0.0,0.0,0.0,reggae,0.9504492282867432,tambourine beats,0.947256326675415,r&b,0.9428876638412476,rap,0.9265260696411133,funky bass,0.9152432680130005
66,country,The song is an instrumental. The song is medium tempo with a groovy rhythm and fast fingers playing this banjo solo. The song is entertaining and exciting. The song is of poor audio quality and a live performance video.,"banjo player, fast tempo, groovy music, love video performance, instrumental music, virtuoso, walking bass line, entertaining, love performance, soloist, country blue grass, entertaining, energetic, passionate, spirited, instrumentalist, poor audio quality, live performance",0.0,0.0,0.0,0.0,0.0,0.0,0.0,0.0,0.0,guitar rhythm,0.9641052484512329,groovy bass line,0.9553914070129395,groovy bassline,0.9531034827232361,groovy rhythm,0.9530491828918457,groovy bass lines,0.9526581764221191
67,classical,"This is a classical music piece played on the viola da gamba and the harpsichord. The performance is live, and the song has a refreshing, light and fun ""Spring"" feel to it.","live performance, classical music, live recording, viola da gamba, harpsichord, soothing, whimsical, magical, light, fresh",0.0,0.0,0.0,0.0,0.0,0.0,0.0,0.0,0.0,instrumental,0.9469749331474304,string section,0.9450832605361938,piano,0.9412858486175537,sustained strings melody,0.9406001567840576,brass melody,0.9400346279144287
68,metal,"The low quality recording features a traditional song that consists of wooden percussive elements, addictive accordion melody, smooth bass and some metallic buzzing sounds. Even though it is mono and noisy, it still sounds soulful and addictive.","low quality, mono, noisy, percussive wooden elements, addictive accordion melody, smooth bass, metallic buzzing, soulful, addictive, traditional",0.0,0.0,0.0,0.3333333333333333,0.16666666666666666,0.2222222222222222,0.2,0.16666666666666666,0.1818181818181818,guitar strumming,0.9508072137832642,funky bass,0.949862003326416,smooth bass,0.9494670629501343,groovy bassline,0.9463248252868652,steady bass line,0.9462753534317017
69,hiphop,"Male vocalist sings this upbeat Hip-Hop song. The tempo is fast with minimal instrumentation of a lively infectious, punchy drumming and enthusiastic vocal backup and incessant, vigorous vocalisation. The song is buoyant, catchy, punchy, funky, youthful,groovy, engaging, vibrant and vivacious. This song is contemporary Hip-Hop/Rap.","male singer, lively backup vocals, alternative hip-hop, reggae fusion, interactive, vocalisation, fast tempo, infectious drumming, keyboard harmony, hip-hop, rap, hip-hop hits, minimalist instrumentation, upbeat, catchy, buoyant, punchy, peppy, perky, dj, dj mixer, dance pop, dance music, dance groove, club music, groovy, funky",1.0,0.05,0.09523809523809523,0.6666666666666666,0.1,0.1739130434782609,0.4,0.1,0.16000000000000003,rap,0.9169397950172424,reggae,0.9152318239212036,hip-hop,0.9137006402015686,funky bass,0.9132493138313293,r&b,0.9056020975112915
70,metal,"This clip is an instrumental of two separate tracks. The tempo is medium with the first clip of ambient nature sounds during a rainfall like, thunder, lightning and water flowing followed by  a rhythmic clanging of metal. The second clip is sinister music on the synthesiser followed by the buzzing of an electric circuit. The audio is dark, sinister, anticipatory, scary, suspenseful and spooky.","instrumental, medium tempo, sound of rain, anticipation, scary, dark, buzzing electric circuit, intense, suspense, thunder, lightening, metal clanging rhythmically, storm, thunder storm, rain storm, heavy rain, electronic music, two tracks, unrelated, sinister, scary, spooky, eerie, electricity, buzzing, water flowing",0.0,0.0,0.0,0.0,0.0,0.0,0.2,0.16666666666666666,0.1818181818181818,steady drumming rhythm,0.9453725814819336,slick drumming,0.943972110748291,uptempo,0.9393976330757141,simple percussion,0.9332214593887329,sinister,0.9316415786743164
71,pop,"The low quality recording features a pop song that consists of an echoing male vocal singing over punchy kick and snare hits, shimmering hi hats, metallic percussions, synth lead melody, synth pad chords and groovy synth bass. It sounds energetic, nostalgic and exciting - like something you would hear in clubs during the 80s.","low quality, pop, echoing male vocal, punchy snare, shimmering hi hats, punchy kick, metallic percussions, synth lead melody, synth pad chords, groovy synth bass, energetic, exciting, nostalgic",0.0,0.0,0.0,0.0,0.0,0.0,0.0,0.0,0.0,slick drumming,0.9625501036643982,disco pop,0.9592972993850708,synth pop,0.95784592628479,funk,0.9468446969985962,r&b,0.9409692287445068
72,jazz,"This salsa song features a female voice singing the main melody. This is accompanied by percussion on a drum kit as well as on a congo. The congo gives this song the salsa feel. The drum kit plays the cowbell and high pitched snare drum to add more of the salsa vibe. The bass plays groovy fills. Trumpets, trombones and saxophones play fills in between lines. They play in harmony. A piano plays jazzy chords in the background. This song can be played in a dance club for a salsa night.","salsa song, female voice, percussion, trumpets, congo, cowbell, trombone, saxophone, dance song, bass, piano, moderate tempo",0.0,0.0,0.0,0.0,0.0,0.0,0.2,0.125,0.15384615384615385,reggae,0.9663093090057373,funky bass,0.9315966367721558,reggae music,0.9244047403335571,tambourine beats,0.9202672243118286,moderate tempo,0.9118981957435608
73,metal,"This music is instrumental. The tempo is medium with a sharp melody of the xylophone. It is melodic, reverberating,    minimalist with a festive ring to it.","instrumental, medium tempo, sharp sounds, xylophonist, metalophone, festive, xylophone, resounding, reverberating, percussive instrument, bells, metallic sounds",0.0,0.0,0.0,0.3333333333333333,0.5,0.4,0.2,0.5,0.28571428571428575,percussive bass line,0.9651056528091431,medium tempo,0.9493140578269958,medium to uptempo,0.9489169120788574,slow tempo,0.945217490196228,simple percussion,0.9442472457885742
74,classical,This is a classic music piece belonging to the baroque era. There is a soprano male vocal singing at an extraordinarily high pitch. The melody is being played by the violin and the cello. There is an emotional atmosphere to this piece. It could be playing in the background at a classy restaurant. It could also work well in the soundtrack of an art movie.,"classical music, baroque, male vocal, soprano, violin, cello, emotional, dramatic",0.0,0.0,0.0,0.0,0.0,0.0,0.0,0.0,0.0,synthesiser arrangement,0.9550172090530396,synthesiser arrangements,0.9546217918395996,shimmering cymbals,0.9516433477401733,cymbals crashing,0.940758228302002,energetic cymbals,0.9407075643539429
75,rock,"The low quality recording features a compilation of rock songs in-between which there is a flat male vocal talking. At the very beginning there is a short snippet of a groovy piano melody and fruity male vocal singing over it. After that, there is an even shorter snippet of a song that consists of acoustic rhythm guitar and a male vocalist singing over it. And at the end of the loop, there is a fade in into a flat male vocal singing with background vocals over punchy kick, punchy snare, shimmering cymbals, distorted bass guitar and electric guitar melody. Overall it sounds weird and chaotic, due to the arrangement of the sounds, but it is also energetic.","compilation, fade in, rock, groovy piano melody, fruity male vocal, flat male vocals, low quality, punchy snare, punchy kick, shimmering cymbals, background vocals, electric guitar chords, acoustic rhythm guitar, distorted bass guitar, chaotic, energetic, weird",0.0,0.0,0.0,0.0,0.0,0.0,0.0,0.0,0.0,steady bass line,0.9550620317459106,groovy bassline,0.9535344243049622,guitar strumming,0.9510098695755005,groovy bass line,0.9490400552749634,strong bass line,0.9433133006095886
76,country,"Punk rock with a country twang, featuring an acoustic guitar strumming, an overdriven electric guitar playing lead, multiple male vocalists, male background vocals and a simple chord progression. The drums play an uptempo country beat, or ""train beat"" more specifically. The kind of band you might hear at a pub in a semi-rural suburb.","punk rock, twang, cow punk, acoustic guitar strumming, overdriven electric guitar lead, multiple male vocalists, male background vocals, uptempo country beat, train beat, simple chord progression, pub",0.0,0.0,0.0,0.0,0.0,0.0,0.0,0.0,0.0,country blues,0.9401422739028931,groovy bass guitar,0.9354473352432251,groovy bass,0.9117720127105713,groovy bassline,0.910318911075592,groovy bass line,0.9097474813461304
